Author Name,No. of Articles Published
Miao Lin Pay,1
Jesper Christensen,1
Fei He,15
Majdi Fanous,3
Jonathan Eden,2
Alireza Daneshkhah,6
Maria Tariq,2
Vasile Palade,47
YingLiang Ma,2
Xiaorui Jiang,8
Sivasharmini Ganeshamoorthy,1
Dominik Klepl,6
Shenal Rajintha Alexander Samarathunge Gunawardena,1
Huma Shah,3
Pengpeng Hu,1
AmirHosein Sadeghimanesh Sadeghi Manesh,10
Jonathan Nixon,6
Elena Gaura,10
Alison Halford,18
Michael Ajao-Olarinoye,1
Ammar Al Bazi,3
Matthew England,17
Ankur Deo,3
Matthew Stephen Tart,4
Anup Pandey,1
James Brusey,11
Abiola Babatunde,1
Brandi Jo Jess,1
Beate Grawemeyer,1
John Halloran,1
Rashid Barket,2
James Donnelly,1
Omid Chatrabgoun,1
James Shuttleworth,1
Tereso del RÃ­o Almajano,4
Fatma Benkhelifa,2
Abhiram Thiruthummal,1
Eun-jin Kim,1
Sariya Cheruvallil-Contractor,4
Mohammed Ahmed,1
Kathryn Stamp,1
Rjaa Jawad Ashraf,2
Nadjim Horri,3
Stavros Christopoulos,3
Jaimz Winter,1
Ibnu Febry Kurniawan,4
Anuradha Herath,1
Michael Fitzpatrick,1
Azadeh Montazami,1
